{
  "code": 200,
  "data": [
    {
      "approver_list": [
        {
          "approval_group": "Engineer@torro.ai2",
          "approver_id": "",
          "is_approved": 0,
          "time": null
        },
        {
          "approval_group": "Engineer@torro.ai",
          "approver_id": "",
          "is_approved": 0,
          "time": null
        }
      ],
      "create_time": "Sun, 12 Sep 2021 09:50:42 GMT",
      "creator_id": "354",
      "fields_num": 10,
      "form_field_values_dict": {
        "s1": "Asian",
        "u10": "true",
        "u2": "Engineer@torro.ai",
        "u3": "uc_team_group2",
        "u4": "2021-09-12T09:49:25.153Z",
        "u5": "usecase_name2",
        "u6": "uc_des",
        "u7": "Budget",
        "u8": "ServiceAccount",
        "u9": "true,true"
      },
      "form_id": 2,
      "form_status": 0,
      "history_id": 401,
      "id": 390,
      "inputFormIndexTable.id": 390,
      "stages_num": 2,
      "updated_time": "Sun, 12 Sep 2021 09:50:42 GMT",
      "workflow_id": 416,
      "workflow_name": "new workFlow",
      "workflow_stages_list": [],
      "workspace_id": 362
    }
  ],
  "msg": "request successfully"
}
