{
  "code": 200,
  "data": [
    {
      "id": 1,
      "form_id": 372,
      "create_time": "Sat, 10 Apr 2021 07:34:22 GMT",
      "requestor": "Torro Titans",
      "requestBy": 123
    },
    {
      "id": 2,
      "form_id": 372,
      "create_time": "Sat, 10 Apr 2021 07:34:22 GMT",
      "requestor": "Torro Titans",
      "requestBy": 123
    },
    {
      "id": 3,
      "form_id": 372,
      "create_time": "Sat, 10 Apr 2021 07:34:22 GMT",
      "requestor": "Torro Titans",
      "requestBy": 123
    },
    {
      "id": 4,
      "form_id": 372,
      "create_time": "Sat, 10 Apr 2021 07:34:22 GMT",
      "requestor": "Torro Titans",
      "requestBy": 123
    },
    {
      "id": 5,
      "form_id": 372,
      "create_time": "Sat, 10 Apr 2021 07:34:22 GMT",
      "requestor": "Torro Titans",
      "requestBy": 123
    }
  ],
  "msg": "Request successed"
}
