{
  "code": 200,
  "data": [
    {
      "account_id": "daniel@torro.ai",
      "comment": "testing",
      "create_time": "Sun, 13 Feb 2022 04:43:58 GMT",
      "history_id": 503,
      "id": 356,
      "input_form_id": 506,
      "is_read": 1
    },

    {
      "account_id": "daniel@torro.ai",
      "comment": "testing",
      "create_time": "Sun, 13 Feb 2022 06:36:31 GMT",
      "history_id": 505,
      "id": 360,
      "input_form_id": 508,
      "is_read": 0
    }
  ],

  "msg": "request success!"
}
